[{"model": "registration.quiz", "pk": 1, "fields": {"title": "What’s Your Brain Mode? — Survival, Focus, or Growth", "description": "Based on how the brain reacts to stress and daily demands — helps students see if they mostly run on stress, task-focus, or curiosity & creativity.", "image": "quiz_images/apple-in-boxing-gloves-fruit-box-sport-workout-vector-removebg-preview.png"}}, {"model": "registration.quiz", "pk": 2, "fields": {"title": "What’s Your Stress-Buster Type? — Active, Sensory, Social", "description": "Shows how students naturally deal with stress — so they can pick healthy habits instead of unhelpful ones.", "image": ""}}, {"model": "registration.quiz", "pk": 3, "fields": {"title": "What’s Your Brain’s Focus Style?", "description": "Helps freshers see how they naturally pay attention, so they can plan study & wellbeing better.", "image": "quiz_images/food_brain_sleep_IirMC3y.jpg"}}, {"model": "registration.question", "pk": 1, "fields": {"quiz": 1, "text": "When deadlines approach, you mostly"}}, {"model": "registration.question", "pk": 3, "fields": {"quiz": 2, "text": "When you feel overwhelmed, you"}}, {"model": "registration.question", "pk": 4, "fields": {"quiz": 2, "text": "Your dream break after exams?"}}, {"model": "registration.question", "pk": 5, "fields": {"quiz": 2, "text": "Best thing to lift your mood?"}}, {"model": "registration.question", "pk": 6, "fields": {"quiz": 2, "text": "When you’re angry, you:"}}, {"model": "registration.question", "pk": 7, "fields": {"quiz": 2, "text": "Favorite chill playlist?"}}, {"model": "registration.question", "pk": 8, "fields": {"quiz": 3, "text": "You study best:"}}, {"model": "registration.question", "pk": 9, "fields": {"quiz": 1, "text": "If you get a bad grade, you:"}}, {"model": "registration.question", "pk": 10, "fields": {"quiz": 1, "text": "Best way to relax?"}}, {"model": "registration.question", "pk": 11, "fields": {"quiz": 1, "text": "When you meet new people, you feel:"}}, {"model": "registration.question", "pk": 12, "fields": {"quiz": 1, "text": "Your phone battery is dying in class. You:"}}, {"model": "registration.question", "pk": 13, "fields": {"quiz": 1, "text": "You feel most alive when:"}}, {"model": "registration.question", "pk": 14, "fields": {"quiz": 1, "text": "You tend to overthink:"}}, {"model": "registration.question", "pk": 15, "fields": {"quiz": 1, "text": "Your energy level in the morning is:"}}, {"model": "registration.question", "pk": 16, "fields": {"quiz": 1, "text": "You’re at your best when:"}}, {"model": "registration.question", "pk": 17, "fields": {"quiz": 1, "text": "A friend calls with a plan. You:"}}, {"model": "registration.question", "pk": 18, "fields": {"quiz": 2, "text": "Your snack vibe:"}}, {"model": "registration.question", "pk": 19, "fields": {"quiz": 2, "text": "What makes you sleepy?"}}, {"model": "registration.question", "pk": 20, "fields": {"quiz": 2, "text": "If stressed during class break, you:"}}, {"model": "registration.question", "pk": 21, "fields": {"quiz": 2, "text": "Your perfect stress relief spot:"}}, {"model": "registration.option", "pk": 1, "fields": {"question": 1, "text": "Make a to-do list and stick to it", "type": "B"}}, {"model": "registration.option", "pk": 2, "fields": {"question": 1, "text": "Get curious and explore more than needed", "type": "C"}}, {"model": "registration.option", "pk": 3, "fields": {"question": 1, "text": "Panic last moment", "type": "A"}}, {"model": "registration.option", "pk": 4, "fields": {"question": 3, "text": "Exercise or walk it off", "type": "A"}}, {"model": "registration.option", "pk": 5, "fields": {"question": 3, "text": "Lie down quietly", "type": "B"}}, {"model": "registration.option", "pk": 6, "fields": {"question": 3, "text": "Call or text friends", "type": "C"}}, {"model": "registration.option", "pk": 7, "fields": {"question": 4, "text": "Trek or play a sport", "type": "A"}}, {"model": "registration.option", "pk": 8, "fields": {"question": 4, "text": "Spa day, music or nap", "type": "B"}}, {"model": "registration.option", "pk": 9, "fields": {"question": 4, "text": "Party or hang out", "type": "C"}}, {"model": "registration.option", "pk": 10, "fields": {"question": 5, "text": "Dance it out", "type": "A"}}, {"model": "registration.option", "pk": 11, "fields": {"question": 5, "text": "Listen to calming music", "type": "B"}}, {"model": "registration.option", "pk": 12, "fields": {"question": 5, "text": "Vent to a buddy", "type": "C"}}, {"model": "registration.option", "pk": 13, "fields": {"question": 6, "text": "Do something physical", "type": "A"}}, {"model": "registration.option", "pk": 14, "fields": {"question": 6, "text": "Stay alone", "type": "B"}}, {"model": "registration.option", "pk": 15, "fields": {"question": 6, "text": "Talk it out", "type": "C"}}, {"model": "registration.option", "pk": 16, "fields": {"question": 7, "text": "Pump-up beats", "type": "A"}}, {"model": "registration.option", "pk": 17, "fields": {"question": 7, "text": "Calm instrumental", "type": "B"}}, {"model": "registration.option", "pk": 18, "fields": {"question": 7, "text": "Fun sing-alongs", "type": "C"}}, {"model": "registration.option", "pk": 19, "fields": {"question": 9, "text": "Worry a lot", "type": "A"}}, {"model": "registration.option", "pk": 20, "fields": {"question": 9, "text": "Analyze what went wrong", "type": "B"}}, {"model": "registration.option", "pk": 21, "fields": {"question": 9, "text": "Try something new next time", "type": "C"}}, {"model": "registration.option", "pk": 22, "fields": {"question": 10, "text": "Sleep it off", "type": "A"}}, {"model": "registration.option", "pk": 23, "fields": {"question": 10, "text": "Organize your desk or notes", "type": "B"}}, {"model": "registration.option", "pk": 24, "fields": {"question": 10, "text": "Watch or read random things", "type": "C"}}, {"model": "registration.option", "pk": 25, "fields": {"question": 11, "text": "Defensive or awkward", "type": "A"}}, {"model": "registration.option", "pk": 26, "fields": {"question": 11, "text": "Neutral and polite", "type": "B"}}, {"model": "registration.option", "pk": 27, "fields": {"question": 11, "text": "Curious about them", "type": "C"}}, {"model": "registration.option", "pk": 28, "fields": {"question": 12, "text": "Feel anxious", "type": "A"}}, {"model": "registration.option", "pk": 29, "fields": {"question": 12, "text": "Stay calm", "type": "B"}}, {"model": "registration.option", "pk": 30, "fields": {"question": 12, "text": "Find it funny", "type": "C"}}, {"model": "registration.option", "pk": 31, "fields": {"question": 13, "text": "Solving problems under pressure", "type": "A"}}, {"model": "registration.option", "pk": 32, "fields": {"question": 13, "text": "Ticking tasks off your list", "type": "B"}}, {"model": "registration.option", "pk": 33, "fields": {"question": 13, "text": "Learning something new", "type": "C"}}, {"model": "registration.option", "pk": 34, "fields": {"question": 14, "text": "The past and mistakes", "type": "A"}}, {"model": "registration.option", "pk": 35, "fields": {"question": 14, "text": "Schedules and tasks", "type": "B"}}, {"model": "registration.option", "pk": 36, "fields": {"question": 14, "text": "Ideas and ‘what ifs’", "type": "C"}}, {"model": "registration.option", "pk": 37, "fields": {"question": 15, "text": "Tired but alert for threats", "type": "A"}}, {"model": "registration.option", "pk": 38, "fields": {"question": 15, "text": "Moderate but ready to plan", "type": "B"}}, {"model": "registration.option", "pk": 39, "fields": {"question": 15, "text": "Excited but scattered", "type": "C"}}, {"model": "registration.option", "pk": 40, "fields": {"question": 16, "text": "Avoiding problems", "type": "A"}}, {"model": "registration.option", "pk": 41, "fields": {"question": 16, "text": "Finishing tasks", "type": "B"}}, {"model": "registration.option", "pk": 42, "fields": {"question": 16, "text": "Exploring possibilities", "type": "C"}}, {"model": "registration.option", "pk": 43, "fields": {"question": 17, "text": "Worry about what could go wrong", "type": "A"}}, {"model": "registration.option", "pk": 44, "fields": {"question": 17, "text": "Check your planner", "type": "B"}}, {"model": "registration.option", "pk": 45, "fields": {"question": 17, "text": "Say yes, see what happens!", "type": "C"}}, {"model": "registration.option", "pk": 46, "fields": {"question": 18, "text": "Protein bar / fruit", "type": "A"}}, {"model": "registration.option", "pk": 47, "fields": {"question": 18, "text": "Chocolate or warm tea", "type": "B"}}, {"model": "registration.option", "pk": 48, "fields": {"question": 18, "text": "Sharing food with friends", "type": "C"}}, {"model": "registration.option", "pk": 49, "fields": {"question": 19, "text": "Resting after activity", "type": "A"}}, {"model": "registration.option", "pk": 50, "fields": {"question": 19, "text": "Soft blanket & quiet room", "type": "B"}}, {"model": "registration.option", "pk": 51, "fields": {"question": 19, "text": "Talking till you pass out", "type": "C"}}, {"model": "registration.option", "pk": 52, "fields": {"question": 20, "text": "Stretch or pace", "type": "A"}}, {"model": "registration.option", "pk": 53, "fields": {"question": 20, "text": "Listen to music", "type": "B"}}, {"model": "registration.option", "pk": 54, "fields": {"question": 20, "text": "Gossip with friends", "type": "C"}}, {"model": "registration.option", "pk": 55, "fields": {"question": 21, "text": "Gym or outdoors", "type": "A"}}, {"model": "registration.option", "pk": 56, "fields": {"question": 21, "text": "Your bed or balcony", "type": "B"}}, {"model": "registration.option", "pk": 57, "fields": {"question": 21, "text": "Café with friends", "type": "C"}}, {"model": "registration.resulttip", "pk": 4, "fields": {"quiz": 1, "type": "A", "do": "Make it a daily habit to step back and breathe — literally. Even five minutes of deep breathing or a quick stretch between classes helps reset your mind. Try simple yoga poses or quick stress-buster workouts to release the tension your body is storing. Sleep well; it’s your biggest secret weapon for bouncing back stronger.", "dont": "Don’t skip meals just to meet deadlines — your brain needs fuel to handle pressure. Try not to get stuck overthinking alone; talk to a friend, a mentor, or just step outside for fresh air. Avoid letting stress pile up without doing anything to break the cycle.", "title": "Survival Mode", "description": "Right now, your mind is switched on but under strain — like a phone on low battery but still pushing through. You’re alert, maybe even productive, but stress is running the show in the background."}}, {"model": "registration.resulttip", "pk": 5, "fields": {"quiz": 1, "type": "B", "do": "Stick to your healthy routines — regular sleep, good food, and plenty of water keep your focus sharp. Plan your day in chunks, and reward yourself with short breaks when you finish tasks. These pauses help you come back clearer and more motivated for what’s next.", "dont": "Don’t overwhelm yourself by taking on too much at once — your focus mode works best with realistic plans. Rest is productive too, so don’t push through exhaustion. Avoid turning every hour into work time; give yourself space for hobbies or time with friends to keep your brain balanced.", "title": "Focus Mode", "description": "Your brain feels at home in routine. You love ticking things off your list and staying on track — but it works best when balanced with rest."}}, {"model": "registration.resulttip", "pk": 6, "fields": {"quiz": 1, "type": "C", "do": "Let your ideas breathe but also give them a clear path — write them down, break them into steps, and pick a few to bring to life. Block out time to focus deeply on one thing at a time, and don’t forget to rest well so your creativity doesn’t burn out.", "dont": "Don’t chase every new idea at once — pick what really matters. Avoid letting distractions steal your best hours, and try not to put things off for “later” so often that nothing gets done. Your curiosity is powerful — direct it with intention.", "title": "Growth Mode", "description": "Your mind is open and curious — ideas excite you and you love exploring new paths. But without a bit of structure, your creativity can scatter in too many directions."}}, {"model": "registration.resulttip", "pk": 7, "fields": {"quiz": 1, "type": "A", "do": "Gift yourself moments to unwind: close your eyes between study sessions, stretch before bed, or take a mindful walk. Gentle exercise or deep breathing can release the tension your mind clings to. Protect your sleep like it’s part of your syllabus.", "dont": "Don’t skip meals because you “don’t have time.” Hunger will drain your focus faster than any deadline. Try not to carry all your worries alone — share them. Avoid bottling up stress till it explodes.", "title": "Survival Mode", "description": "You’re in go-go-go mode, running on nerves and adrenaline. Your mind’s awake but it’s craving a pause — even if you don’t notice it yet."}}, {"model": "registration.resulttip", "pk": 8, "fields": {"quiz": 1, "type": "A", "do": "Schedule tiny breaks, even if they feel unproductive — they’re not. Try light yoga flows or simply lie down and listen to calming music. Let sleep recharge your mind like a power nap for your soul.", "dont": "Don’t ignore your body’s signals — skipped meals or sleep debt will catch up. Avoid tackling every worry in your head alone. Find ways to let your mind rest its guard.", "title": "Survival Mode", "description": "Your mind is on guard, solving problems but collecting stress like it’s homework. You’re surviving, but you deserve to breathe too."}}, {"model": "registration.resulttip", "pk": 9, "fields": {"quiz": 1, "type": "A", "do": "Create tiny rituals to calm your mind: a cup of tea with no phone, five deep breaths before bed, a stress-relief workout after study marathons. Sleep on time — your brain needs it more than notes at midnight.", "dont": "Don’t treat meals as optional — they’re fuel for your mind’s fight mode. Don’t spiral into solo overthinking. You’re not meant to carry it all by yourself.", "title": "Survival Mode", "description": "Your brain’s alert, scanning for what’s next, but this mode can drain you if you don’t pause. You’re surviving — now soften the edges."}}, {"model": "admin.logentry", "pk": 1, "fields": {"action_time": "2025-07-21T14:54:36.188Z", "user": 1, "content_type": 9, "object_id": "1", "object_repr": "What’s Your Brain Mode? — Survival, Focus, or Growth", "action_flag": 1, "change_message": "[{\"added\": {}}]"}}, {"model": "admin.logentry", "pk": 2, "fields": {"action_time": "2025-07-21T14:55:20.091Z", "user": 1, "content_type": 11, "object_id": "1", "object_repr": "When deadlines approach, you mostly:", "action_flag": 1, "change_message": "[{\"added\": {}}]"}}, {"model": "admin.logentry", "pk": 3, "fields": {"action_time": "2025-07-21T14:56:41.129Z", "user": 1, "content_type": 11, "object_id": "2", "object_repr": "Panic last minute", "action_flag": 1, "change_message": "[{\"added\": {}}]"}}, {"model": "admin.logentry", "pk": 4, "fields": {"action_time": "2025-07-21T14:57:51.163Z", "user": 1, "content_type": 11, "object_id": "2", "object_repr": "Panic last minute", "action_flag": 3, "change_message": ""}}, {"model": "admin.logentry", "pk": 5, "fields": {"action_time": "2025-07-21T15:00:23.203Z", "user": 1, "content_type": 8, "object_id": "1", "object_repr": "Get curious and explore more than needed (A)", "action_flag": 1, "change_message": "[{\"added\": {}}]"}}, {"model": "admin.logentry", "pk": 6, "fields": {"action_time": "2025-07-21T15:09:07.067Z", "user": 1, "content_type": 11, "object_id": "1", "object_repr": "When deadlines approach, you mostly...", "action_flag": 2, "change_message": "[{\"changed\": {\"fields\": [\"Text\"]}}, {\"added\": {\"name\": \"option\", \"object\": \"Get curious and explore more than needed (B)\"}}, {\"added\": {\"name\": \"option\", \"object\": \"Panic last moment (C)\"}}, {\"changed\": {\"name\": \"option\", \"object\": \"Make a to-do list and stick to it (A)\", \"fields\": [\"Text\"]}}]"}}, {"model": "admin.logentry", "pk": 7, "fields": {"action_time": "2025-07-21T15:10:59.439Z", "user": 1, "content_type": 9, "object_id": "2", "object_repr": "What’s Your Stress-Buster Type? — Active, Sensory, Social", "action_flag": 1, "change_message": "[{\"added\": {}}, {\"added\": {\"name\": \"question\", \"object\": \"When you feel overwhelmed, you...\"}}]"}}, {"model": "admin.logentry", "pk": 8, "fields": {"action_time": "2025-07-21T15:25:43.122Z", "user": 1, "content_type": 11, "object_id": "3", "object_repr": "When you feel overwhelmed, you...", "action_flag": 2, "change_message": "[{\"added\": {\"name\": \"option\", \"object\": \"Exercise or walk it off (A)\"}}, {\"added\": {\"name\": \"option\", \"object\": \"Lie down quietly (B)\"}}, {\"added\": {\"name\": \"option\", \"object\": \"Call or text friends (C)\"}}]"}}, {"model": "admin.logentry", "pk": 9, "fields": {"action_time": "2025-07-21T15:26:33.305Z", "user": 1, "content_type": 11, "object_id": "4", "object_repr": "Your dream break after exams?...", "action_flag": 1, "change_message": "[{\"added\": {}}, {\"added\": {\"name\": \"option\", \"object\": \"Trek or play a sport (A)\"}}, {\"added\": {\"name\": \"option\", \"object\": \"Spa day, music or nap (B)\"}}, {\"added\": {\"name\": \"option\", \"object\": \"Party or hang out (C)\"}}]"}}, {"model": "admin.logentry", "pk": 10, "fields": {"action_time": "2025-07-21T15:27:18.231Z", "user": 1, "content_type": 11, "object_id": "5", "object_repr": "Best thing to lift your mood?...", "action_flag": 1, "change_message": "[{\"added\": {}}, {\"added\": {\"name\": \"option\", \"object\": \"Dance it out (A)\"}}, {\"added\": {\"name\": \"option\", \"object\": \"Listen to calming music (B)\"}}, {\"added\": {\"name\": \"option\", \"object\": \"Vent to a buddy (C)\"}}]"}}, {"model": "admin.logentry", "pk": 11, "fields": {"action_time": "2025-07-21T15:28:17.345Z", "user": 1, "content_type": 11, "object_id": "6", "object_repr": "When you’re angry, you:...", "action_flag": 1, "change_message": "[{\"added\": {}}, {\"added\": {\"name\": \"option\", \"object\": \"Do something physical (A)\"}}, {\"added\": {\"name\": \"option\", \"object\": \"Stay alone (B)\"}}, {\"added\": {\"name\": \"option\", \"object\": \"Talk it out (C)\"}}]"}}, {"model": "admin.logentry", "pk": 12, "fields": {"action_time": "2025-07-21T15:29:03.402Z", "user": 1, "content_type": 11, "object_id": "7", "object_repr": "Favorite chill playlist?...", "action_flag": 1, "change_message": "[{\"added\": {}}, {\"added\": {\"name\": \"option\", \"object\": \"Pump-up beats (A)\"}}, {\"added\": {\"name\": \"option\", \"object\": \"Calm instrumental (B)\"}}, {\"added\": {\"name\": \"option\", \"object\": \"Fun sing-alongs (C)\"}}]"}}, {"model": "admin.logentry", "pk": 13, "fields": {"action_time": "2025-07-21T15:35:11.934Z", "user": 1, "content_type": 10, "object_id": "1", "object_repr": "A Tip for What’s Your Stress-Buster Type? — Active, Sensory, Social", "action_flag": 1, "change_message": "[{\"added\": {}}]"}}, {"model": "admin.logentry", "pk": 14, "fields": {"action_time": "2025-07-21T15:35:48.304Z", "user": 1, "content_type": 10, "object_id": "2", "object_repr": "B Tip for What’s Your Stress-Buster Type? — Active, Sensory, Social", "action_flag": 1, "change_message": "[{\"added\": {}}]"}}, {"model": "admin.logentry", "pk": 15, "fields": {"action_time": "2025-07-21T15:36:21.987Z", "user": 1, "content_type": 10, "object_id": "3", "object_repr": "C Tip for What’s Your Stress-Buster Type? — Active, Sensory, Social", "action_flag": 1, "change_message": "[{\"added\": {}}]"}}, {"model": "admin.logentry", "pk": 16, "fields": {"action_time": "2025-07-21T15:54:20.364Z", "user": 1, "content_type": 9, "object_id": "3", "object_repr": "What’s Your Brain’s Focus Style?", "action_flag": 1, "change_message": "[{\"added\": {}}, {\"added\": {\"name\": \"question\", \"object\": \"You study best:...\"}}]"}}, {"model": "admin.logentry", "pk": 17, "fields": {"action_time": "2025-07-21T17:35:49.111Z", "user": 1, "content_type": 11, "object_id": "1", "object_repr": "When deadlines approach, you mostly...", "action_flag": 2, "change_message": "[{\"changed\": {\"name\": \"option\", \"object\": \"Make a to-do list and stick to it (B)\", \"fields\": [\"Type\"]}}, {\"changed\": {\"name\": \"option\", \"object\": \"Get curious and explore more than needed (C)\", \"fields\": [\"Type\"]}}, {\"changed\": {\"name\": \"option\", \"object\": \"Panic last moment (A)\", \"fields\": [\"Type\"]}}]"}}, {"model": "admin.logentry", "pk": 18, "fields": {"action_time": "2025-07-21T17:37:05.165Z", "user": 1, "content_type": 11, "object_id": "9", "object_repr": "If you get a bad grade, you:...", "action_flag": 1, "change_message": "[{\"added\": {}}, {\"added\": {\"name\": \"option\", \"object\": \"Worry a lot (A)\"}}, {\"added\": {\"name\": \"option\", \"object\": \"Analyze what went wrong (B)\"}}, {\"added\": {\"name\": \"option\", \"object\": \"Try something new next time (C)\"}}]"}}, {"model": "admin.logentry", "pk": 19, "fields": {"action_time": "2025-07-21T17:38:10.397Z", "user": 1, "content_type": 11, "object_id": "10", "object_repr": "Best way to relax?...", "action_flag": 1, "change_message": "[{\"added\": {}}, {\"added\": {\"name\": \"option\", \"object\": \"Sleep it off (A)\"}}, {\"added\": {\"name\": \"option\", \"object\": \"Organize your desk or notes (B)\"}}, {\"added\": {\"name\": \"option\", \"object\": \"Watch or read random things (C)\"}}]"}}, {"model": "admin.logentry", "pk": 20, "fields": {"action_time": "2025-07-21T17:38:57.278Z", "user": 1, "content_type": 11, "object_id": "11", "object_repr": "When you meet new people, you feel:...", "action_flag": 1, "change_message": "[{\"added\": {}}, {\"added\": {\"name\": \"option\", \"object\": \"Defensive or awkward (A)\"}}, {\"added\": {\"name\": \"option\", \"object\": \"Neutral and polite (B)\"}}, {\"added\": {\"name\": \"option\", \"object\": \"Curious about them (C)\"}}]"}}, {"model": "admin.logentry", "pk": 21, "fields": {"action_time": "2025-07-21T17:39:57.608Z", "user": 1, "content_type": 11, "object_id": "12", "object_repr": "Your phone battery is dying in class. You:...", "action_flag": 1, "change_message": "[{\"added\": {}}, {\"added\": {\"name\": \"option\", \"object\": \"Feel anxious (A)\"}}, {\"added\": {\"name\": \"option\", \"object\": \"Stay calm (B)\"}}, {\"added\": {\"name\": \"option\", \"object\": \"Find it funny (C)\"}}]"}}, {"model": "admin.logentry", "pk": 22, "fields": {"action_time": "2025-07-21T17:40:55.215Z", "user": 1, "content_type": 11, "object_id": "13", "object_repr": "You feel most alive when:...", "action_flag": 1, "change_message": "[{\"added\": {}}, {\"added\": {\"name\": \"option\", \"object\": \"Solving problems under pressure (A)\"}}, {\"added\": {\"name\": \"option\", \"object\": \"Ticking tasks off your list (B)\"}}, {\"added\": {\"name\": \"option\", \"object\": \"Learning something new (C)\"}}]"}}, {"model": "admin.logentry", "pk": 23, "fields": {"action_time": "2025-07-21T17:41:58.502Z", "user": 1, "content_type": 11, "object_id": "14", "object_repr": "You tend to overthink:...", "action_flag": 1, "change_message": "[{\"added\": {}}, {\"added\": {\"name\": \"option\", \"object\": \"The past and mistakes (A)\"}}, {\"added\": {\"name\": \"option\", \"object\": \"Schedules and tasks (B)\"}}, {\"added\": {\"name\": \"option\", \"object\": \"Ideas and \\u2018what ifs\\u2019 (C)\"}}]"}}, {"model": "admin.logentry", "pk": 24, "fields": {"action_time": "2025-07-21T17:43:12.955Z", "user": 1, "content_type": 11, "object_id": "15", "object_repr": "Your energy level in the morning is:...", "action_flag": 1, "change_message": "[{\"added\": {}}, {\"added\": {\"name\": \"option\", \"object\": \"Tired but alert for threats (A)\"}}, {\"added\": {\"name\": \"option\", \"object\": \"Moderate but ready to plan (B)\"}}, {\"added\": {\"name\": \"option\", \"object\": \"Excited but scattered (C)\"}}]"}}, {"model": "admin.logentry", "pk": 25, "fields": {"action_time": "2025-07-21T17:44:03.143Z", "user": 1, "content_type": 11, "object_id": "16", "object_repr": "You’re at your best when:...", "action_flag": 1, "change_message": "[{\"added\": {}}, {\"added\": {\"name\": \"option\", \"object\": \"Avoiding problems (A)\"}}, {\"added\": {\"name\": \"option\", \"object\": \"Finishing tasks (B)\"}}, {\"added\": {\"name\": \"option\", \"object\": \"Exploring possibilities (C)\"}}]"}}, {"model": "admin.logentry", "pk": 26, "fields": {"action_time": "2025-07-21T17:44:49.850Z", "user": 1, "content_type": 11, "object_id": "17", "object_repr": "A friend calls with a plan. You:...", "action_flag": 1, "change_message": "[{\"added\": {}}, {\"added\": {\"name\": \"option\", \"object\": \"Worry about what could go wrong (A)\"}}, {\"added\": {\"name\": \"option\", \"object\": \"Check your planner (B)\"}}, {\"added\": {\"name\": \"option\", \"object\": \"Say yes, see what happens! (C)\"}}]"}}, {"model": "admin.logentry", "pk": 27, "fields": {"action_time": "2025-07-21T17:47:37.101Z", "user": 1, "content_type": 9, "object_id": "1", "object_repr": "What’s Your Brain Mode? — Survival, Focus, or Growth", "action_flag": 2, "change_message": "[{\"changed\": {\"fields\": [\"Image\"]}}]"}}, {"model": "admin.logentry", "pk": 28, "fields": {"action_time": "2025-07-21T17:48:38.724Z", "user": 1, "content_type": 9, "object_id": "2", "object_repr": "What’s Your Stress-Buster Type? — Active, Sensory, Social", "action_flag": 2, "change_message": "[]"}}, {"model": "admin.logentry", "pk": 29, "fields": {"action_time": "2025-07-21T17:49:16.289Z", "user": 1, "content_type": 11, "object_id": "4", "object_repr": "Your dream break after exams?...", "action_flag": 2, "change_message": "[]"}}, {"model": "admin.logentry", "pk": 30, "fields": {"action_time": "2025-07-21T17:49:37.057Z", "user": 1, "content_type": 11, "object_id": "5", "object_repr": "Best thing to lift your mood?...", "action_flag": 2, "change_message": "[]"}}, {"model": "admin.logentry", "pk": 31, "fields": {"action_time": "2025-07-21T17:49:45.914Z", "user": 1, "content_type": 11, "object_id": "6", "object_repr": "When you’re angry, you:...", "action_flag": 2, "change_message": "[]"}}, {"model": "admin.logentry", "pk": 32, "fields": {"action_time": "2025-07-21T17:51:49.249Z", "user": 1, "content_type": 11, "object_id": "18", "object_repr": "Your snack vibe:...", "action_flag": 1, "change_message": "[{\"added\": {}}, {\"added\": {\"name\": \"option\", \"object\": \"Protein bar / fruit (A)\"}}, {\"added\": {\"name\": \"option\", \"object\": \"Chocolate or warm tea (B)\"}}, {\"added\": {\"name\": \"option\", \"object\": \"Sharing food with friends (C)\"}}]"}}, {"model": "admin.logentry", "pk": 33, "fields": {"action_time": "2025-07-21T17:52:30.770Z", "user": 1, "content_type": 11, "object_id": "19", "object_repr": "What makes you sleepy?...", "action_flag": 1, "change_message": "[{\"added\": {}}, {\"added\": {\"name\": \"option\", \"object\": \"Resting after activity (A)\"}}, {\"added\": {\"name\": \"option\", \"object\": \"Soft blanket & quiet room (B)\"}}, {\"added\": {\"name\": \"option\", \"object\": \"Talking till you pass out (C)\"}}]"}}, {"model": "admin.logentry", "pk": 34, "fields": {"action_time": "2025-07-21T17:53:12.487Z", "user": 1, "content_type": 11, "object_id": "20", "object_repr": "If stressed during class break, you:...", "action_flag": 1, "change_message": "[{\"added\": {}}, {\"added\": {\"name\": \"option\", \"object\": \"Stretch or pace (A)\"}}, {\"added\": {\"name\": \"option\", \"object\": \"Listen to music (B)\"}}, {\"added\": {\"name\": \"option\", \"object\": \"Gossip with friends (C)\"}}]"}}, {"model": "admin.logentry", "pk": 35, "fields": {"action_time": "2025-07-21T17:53:59.294Z", "user": 1, "content_type": 11, "object_id": "21", "object_repr": "Your perfect stress relief spot:...", "action_flag": 1, "change_message": "[{\"added\": {}}, {\"added\": {\"name\": \"option\", \"object\": \"Gym or outdoors (A)\"}}, {\"added\": {\"name\": \"option\", \"object\": \"Your bed or balcony (B)\"}}, {\"added\": {\"name\": \"option\", \"object\": \"Caf\\u00e9 with friends (C)\"}}]"}}, {"model": "admin.logentry", "pk": 36, "fields": {"action_time": "2025-07-21T18:03:10.718Z", "user": 1, "content_type": 10, "object_id": "3", "object_repr": "C Tip for What’s Your Stress-Buster Type? — Active, Sensory, Social", "action_flag": 3, "change_message": ""}}, {"model": "admin.logentry", "pk": 37, "fields": {"action_time": "2025-07-21T18:03:10.718Z", "user": 1, "content_type": 10, "object_id": "2", "object_repr": "B Tip for What’s Your Stress-Buster Type? — Active, Sensory, Social", "action_flag": 3, "change_message": ""}}, {"model": "admin.logentry", "pk": 38, "fields": {"action_time": "2025-07-21T18:03:10.718Z", "user": 1, "content_type": 10, "object_id": "1", "object_repr": "A Tip for What’s Your Stress-Buster Type? — Active, Sensory, Social", "action_flag": 3, "change_message": ""}}, {"model": "admin.logentry", "pk": 39, "fields": {"action_time": "2025-07-21T18:04:37.906Z", "user": 1, "content_type": 10, "object_id": "4", "object_repr": "A Tip for What’s Your Brain Mode? — Survival, Focus, or Growth", "action_flag": 1, "change_message": "[{\"added\": {}}]"}}, {"model": "admin.logentry", "pk": 40, "fields": {"action_time": "2025-07-21T18:05:28.037Z", "user": 1, "content_type": 10, "object_id": "5", "object_repr": "B Tip for What’s Your Brain Mode? — Survival, Focus, or Growth", "action_flag": 1, "change_message": "[{\"added\": {}}]"}}, {"model": "admin.logentry", "pk": 41, "fields": {"action_time": "2025-07-21T18:06:28.635Z", "user": 1, "content_type": 10, "object_id": "6", "object_repr": "C Tip for What’s Your Brain Mode? — Survival, Focus, or Growth", "action_flag": 1, "change_message": "[{\"added\": {}}]"}}, {"model": "admin.logentry", "pk": 42, "fields": {"action_time": "2025-07-21T18:27:50.607Z", "user": 1, "content_type": 10, "object_id": "4", "object_repr": "A Tip for What’s Your Brain Mode? — Survival, Focus, or Growth", "action_flag": 2, "change_message": "[{\"changed\": {\"fields\": [\"Do\", \"Dont\", \"Description\"]}}]"}}, {"model": "admin.logentry", "pk": 43, "fields": {"action_time": "2025-07-21T18:28:46.652Z", "user": 1, "content_type": 10, "object_id": "5", "object_repr": "B Tip for What’s Your Brain Mode? — Survival, Focus, or Growth", "action_flag": 2, "change_message": "[{\"changed\": {\"fields\": [\"Do\", \"Dont\", \"Description\"]}}]"}}, {"model": "admin.logentry", "pk": 44, "fields": {"action_time": "2025-07-21T18:29:17.618Z", "user": 1, "content_type": 10, "object_id": "6", "object_repr": "C Tip for What’s Your Brain Mode? — Survival, Focus, or Growth", "action_flag": 2, "change_message": "[{\"changed\": {\"fields\": [\"Do\", \"Dont\", \"Description\"]}}]"}}, {"model": "admin.logentry", "pk": 45, "fields": {"action_time": "2025-07-21T18:41:36.701Z", "user": 1, "content_type": 10, "object_id": "7", "object_repr": "A Tip for What’s Your Brain Mode? — Survival, Focus, or Growth", "action_flag": 1, "change_message": "[{\"added\": {}}]"}}, {"model": "admin.logentry", "pk": 46, "fields": {"action_time": "2025-07-21T18:43:02.288Z", "user": 1, "content_type": 10, "object_id": "8", "object_repr": "B Tip for What’s Your Brain Mode? — Survival, Focus, or Growth", "action_flag": 1, "change_message": "[{\"added\": {}}]"}}, {"model": "admin.logentry", "pk": 47, "fields": {"action_time": "2025-07-21T18:45:54.051Z", "user": 1, "content_type": 10, "object_id": "9", "object_repr": "A Tip for What’s Your Brain Mode? — Survival, Focus, or Growth", "action_flag": 1, "change_message": "[{\"added\": {}}]"}}, {"model": "admin.logentry", "pk": 48, "fields": {"action_time": "2025-07-21T18:46:12.822Z", "user": 1, "content_type": 10, "object_id": "8", "object_repr": "A Tip for What’s Your Brain Mode? — Survival, Focus, or Growth", "action_flag": 2, "change_message": "[{\"changed\": {\"fields\": [\"Type\", \"Title\"]}}]"}}, {"model": "auth.permission", "pk": 1, "fields": {"name": "Can add registration", "content_type": 1, "codename": "add_registration"}}, {"model": "auth.permission", "pk": 2, "fields": {"name": "Can change registration", "content_type": 1, "codename": "change_registration"}}, {"model": "auth.permission", "pk": 3, "fields": {"name": "Can delete registration", "content_type": 1, "codename": "delete_registration"}}, {"model": "auth.permission", "pk": 4, "fields": {"name": "Can view registration", "content_type": 1, "codename": "view_registration"}}, {"model": "auth.permission", "pk": 5, "fields": {"name": "Can add log entry", "content_type": 2, "codename": "add_logentry"}}, {"model": "auth.permission", "pk": 6, "fields": {"name": "Can change log entry", "content_type": 2, "codename": "change_logentry"}}, {"model": "auth.permission", "pk": 7, "fields": {"name": "Can delete log entry", "content_type": 2, "codename": "delete_logentry"}}, {"model": "auth.permission", "pk": 8, "fields": {"name": "Can view log entry", "content_type": 2, "codename": "view_logentry"}}, {"model": "auth.permission", "pk": 9, "fields": {"name": "Can add permission", "content_type": 3, "codename": "add_permission"}}, {"model": "auth.permission", "pk": 10, "fields": {"name": "Can change permission", "content_type": 3, "codename": "change_permission"}}, {"model": "auth.permission", "pk": 11, "fields": {"name": "Can delete permission", "content_type": 3, "codename": "delete_permission"}}, {"model": "auth.permission", "pk": 12, "fields": {"name": "Can view permission", "content_type": 3, "codename": "view_permission"}}, {"model": "auth.permission", "pk": 13, "fields": {"name": "Can add group", "content_type": 4, "codename": "add_group"}}, {"model": "auth.permission", "pk": 14, "fields": {"name": "Can change group", "content_type": 4, "codename": "change_group"}}, {"model": "auth.permission", "pk": 15, "fields": {"name": "Can delete group", "content_type": 4, "codename": "delete_group"}}, {"model": "auth.permission", "pk": 16, "fields": {"name": "Can view group", "content_type": 4, "codename": "view_group"}}, {"model": "auth.permission", "pk": 17, "fields": {"name": "Can add user", "content_type": 5, "codename": "add_user"}}, {"model": "auth.permission", "pk": 18, "fields": {"name": "Can change user", "content_type": 5, "codename": "change_user"}}, {"model": "auth.permission", "pk": 19, "fields": {"name": "Can delete user", "content_type": 5, "codename": "delete_user"}}, {"model": "auth.permission", "pk": 20, "fields": {"name": "Can view user", "content_type": 5, "codename": "view_user"}}, {"model": "auth.permission", "pk": 21, "fields": {"name": "Can add content type", "content_type": 6, "codename": "add_contenttype"}}, {"model": "auth.permission", "pk": 22, "fields": {"name": "Can change content type", "content_type": 6, "codename": "change_contenttype"}}, {"model": "auth.permission", "pk": 23, "fields": {"name": "Can delete content type", "content_type": 6, "codename": "delete_contenttype"}}, {"model": "auth.permission", "pk": 24, "fields": {"name": "Can view content type", "content_type": 6, "codename": "view_contenttype"}}, {"model": "auth.permission", "pk": 25, "fields": {"name": "Can add session", "content_type": 7, "codename": "add_session"}}, {"model": "auth.permission", "pk": 26, "fields": {"name": "Can change session", "content_type": 7, "codename": "change_session"}}, {"model": "auth.permission", "pk": 27, "fields": {"name": "Can delete session", "content_type": 7, "codename": "delete_session"}}, {"model": "auth.permission", "pk": 28, "fields": {"name": "Can view session", "content_type": 7, "codename": "view_session"}}, {"model": "auth.permission", "pk": 29, "fields": {"name": "Can add option", "content_type": 8, "codename": "add_option"}}, {"model": "auth.permission", "pk": 30, "fields": {"name": "Can change option", "content_type": 8, "codename": "change_option"}}, {"model": "auth.permission", "pk": 31, "fields": {"name": "Can delete option", "content_type": 8, "codename": "delete_option"}}, {"model": "auth.permission", "pk": 32, "fields": {"name": "Can view option", "content_type": 8, "codename": "view_option"}}, {"model": "auth.permission", "pk": 33, "fields": {"name": "Can add quiz", "content_type": 9, "codename": "add_quiz"}}, {"model": "auth.permission", "pk": 34, "fields": {"name": "Can change quiz", "content_type": 9, "codename": "change_quiz"}}, {"model": "auth.permission", "pk": 35, "fields": {"name": "Can delete quiz", "content_type": 9, "codename": "delete_quiz"}}, {"model": "auth.permission", "pk": 36, "fields": {"name": "Can view quiz", "content_type": 9, "codename": "view_quiz"}}, {"model": "auth.permission", "pk": 37, "fields": {"name": "Can add result tip", "content_type": 10, "codename": "add_resulttip"}}, {"model": "auth.permission", "pk": 38, "fields": {"name": "Can change result tip", "content_type": 10, "codename": "change_resulttip"}}, {"model": "auth.permission", "pk": 39, "fields": {"name": "Can delete result tip", "content_type": 10, "codename": "delete_resulttip"}}, {"model": "auth.permission", "pk": 40, "fields": {"name": "Can view result tip", "content_type": 10, "codename": "view_resulttip"}}, {"model": "auth.permission", "pk": 41, "fields": {"name": "Can add question", "content_type": 11, "codename": "add_question"}}, {"model": "auth.permission", "pk": 42, "fields": {"name": "Can change question", "content_type": 11, "codename": "change_question"}}, {"model": "auth.permission", "pk": 43, "fields": {"name": "Can delete question", "content_type": 11, "codename": "delete_question"}}, {"model": "auth.permission", "pk": 44, "fields": {"name": "Can view question", "content_type": 11, "codename": "view_question"}}, {"model": "auth.user", "pk": 1, "fields": {"password": "pbkdf2_sha256$1000000$JYGO3UzKULl9WhiXt2tijx$yDV7C0Uq7J2oFHpLJcZDeJXtevG6IxZRhnGJwOBfyt8=", "last_login": "2025-07-21T14:52:28.699Z", "is_superuser": true, "username": "jades", "first_name": "", "last_name": "", "email": "jadesarraay@gmail.com", "is_staff": true, "is_active": true, "date_joined": "2025-07-21T14:50:14.139Z", "groups": [], "user_permissions": []}}, {"model": "contenttypes.contenttype", "pk": 1, "fields": {"app_label": "registration", "model": "registration"}}, {"model": "contenttypes.contenttype", "pk": 2, "fields": {"app_label": "admin", "model": "logentry"}}, {"model": "contenttypes.contenttype", "pk": 3, "fields": {"app_label": "auth", "model": "permission"}}, {"model": "contenttypes.contenttype", "pk": 4, "fields": {"app_label": "auth", "model": "group"}}, {"model": "contenttypes.contenttype", "pk": 5, "fields": {"app_label": "auth", "model": "user"}}, {"model": "contenttypes.contenttype", "pk": 6, "fields": {"app_label": "contenttypes", "model": "contenttype"}}, {"model": "contenttypes.contenttype", "pk": 7, "fields": {"app_label": "sessions", "model": "session"}}, {"model": "contenttypes.contenttype", "pk": 8, "fields": {"app_label": "registration", "model": "option"}}, {"model": "contenttypes.contenttype", "pk": 9, "fields": {"app_label": "registration", "model": "quiz"}}, {"model": "contenttypes.contenttype", "pk": 10, "fields": {"app_label": "registration", "model": "resulttip"}}, {"model": "contenttypes.contenttype", "pk": 11, "fields": {"app_label": "registration", "model": "question"}}, {"model": "sessions.session", "pk": "3fj58oehjm1o1vr46bazzy9aq45pcrrk", "fields": {"session_data": ".eJxVjEEOwiAQRe_C2pAKZQCX7nsGwjCDVA0kpV0Z765NutDtf-_9lwhxW0vYOi9hJnERZ3H63TCmB9cd0D3WW5Op1XWZUe6KPGiXUyN-Xg_376DEXr41D5DIO6vJEI7AnIHRg8s2-8xOKcPaR7agNWIeiY31hmhATwqsyuL9AQjdOMg:1udrsS:fFQhDikP8dIuAg-LO03qGV1HuQYQ3pjCH2HW7zVXSfQ", "expire_date": "2025-08-04T14:52:28.706Z"}}]